first_name,last_name,email,uname,pw
Aline,Dillet,adillet0@lulu.com,adillet0,haZdUss6Te
Noemi,Plott,nplott1@cisco.com,nplott1,qswizHW
Tammy,Berkley,tberkley2@tmall.com,tberkley2,X0jWdYN7Imn
Candida,Alabaster,calabaster3@is.gd,calabaster3,DqUT7O
Loren,Goodsall,lgoodsall4@ucsd.edu,lgoodsall4,wDjNaaHCw
Jocko,Givens,jgivens5@sourceforge.net,jgivens5,MUeQcE7s
Thorstein,Klehyn,tklehyn6@t-online.de,tklehyn6,3ahlVZSL8ive
Darren,Timpany,dtimpany7@columbia.edu,dtimpany7,WIj8La
Kory,Spelsbury,kspelsbury8@springer.com,kspelsbury8,kdm3I8t
Baron,Bygrove,bbygrove9@nyu.edu,bbygrove9,NH4gR7J2a,Mario,Gatchair,mgatchair@gmail.com,gatz,asgsadfas
